[{"@type":"mappingTemplate","id":"@1","name":"m__metering_status_template","description":"Status begin -- \nSOURCE: metering_task_status_stage.csv  \nTARGET: metering_check_load.csv\nStatus stage -- \nSOURCE: src_gen_one_row.csv  \nTARGET: metering_task_status_stage.csv\nStaus end --\nSOURCE: src_gen_one_row.csv  \nTARGET:  metering_task_status_stage.csv","bundleVersion":"0","templateId":"@3","deployTime":1623757669000,"hasParameters":true,"valid":true,"fixedConnection":false,"hasParametersDeployed":true,"fixedConnectionDeployed":false,"tasks":4,"mappingPreviewFileRecordId":"@2","documentType":"MAPPING","references":[]}]