[{"@type":"fileRecord","id":"@6","name":"response","type":"XSD","size":11470,"attachTime":1623757671000},{"@type":"fileRecord","id":"@4","name":"metadata","type":"JSON","size":5189,"attachTime":1623757671000},{"@type":"fileRecord","id":"@5","name":"request","type":"XSD","size":6381,"attachTime":1623757671000},{"@type":"fileRecord","id":"@2","name":"extension","type":"XML","size":27638,"attachTime":1623757671000},{"@type":"fileRecord","id":"@3","name":"fault","type":"XSD","size":6200,"attachTime":1623757671000}]