[{"@type":"mtTask","id":"@1","name":"mt__cai_metering_status_stage_fail","description":"SOURCE: src_gen_one_row.csv  \r\nTARGET: metering_task_status_stage.csv\r\nFILTER: FALSE","errorTaskEmail":{"@type":"taskEmail","id":751021,"emails":"vig@informatica.com","emailType":"ERROR"},"warningTaskEmail":{"@type":"taskEmail","id":751023,"emails":"vig@informatica.com","emailType":"WARNING"},"runtimeEnvironmentId":"@aeWpJZilpsHdw82AUHn4qX","maxLogs":10,"verbose":false,"mappingId":"@8fyC7lAj9BzdPhHNp42pam","shortDescription":"SOURCE: src_gen_one_row.csv  \r\nTARGET: metering_ta...","sessionPropertiesList":[],"enableCrossSchemaPushdown":true,"enableParallelRun":false,"autoTunedApplied":false,"autoTunedAppliedType":"NONE","paramFileType":"PARAM_FILE_LOCAL","schemaMode":"async","parameterFileEncoding":"UTF-8","serverlessProperties":{},"taskProperties":[{"@type":"taskProperty","name":"parameterFileDir","currentValue":"","type":"STRING","label":"label.parameterFileDir","required":false},{"@type":"taskProperty","name":"parameterFileName","currentValue":"","type":"STRING","label":"label.parameterFileName","required":false}],"parameters":[{"@type":"mtTaskParameter","id":5053155,"name":"$src$","type":"EXTENDED_SOURCE","label":"p_status_src (p_status_src)","description":"","uiProperties":{"cnxtype":"CSVFile","connectionParameterized":"true","logcnx":"p_status_src","isMsrcFilterParameterized":"false","isMsrcSortParameterized":"false","default":"metering_task_status_stage.csv","objlabel":"p_object_src","objectParameterized":"true","objDesc":"STATUS BEGIN:  metering_task_status_stage.csv\\nSTATUS STAGE: src_gen_one_row.csv\\nSTATUS END: src_gen_one_row.csv"},"sourceConnectionId":"@9Z4AYXu0kybkhj0wLCjf6b","newFlatFile":false,"newObject":false,"showBusinessNames":true,"naturalOrder":true,"truncateTarget":false,"bulkApiDBTarget":false,"customFuncCfg":{"@type":"customFuncConfig","id":-1,"connections":[],"inputMap":[],"outputFields":[]},"tgtFieldRefs":{},"targetUpdateColumns":[],"extendedObject":{"@type":"extendedObject","object":{"@type":"mObject","name":"src_gen_one_row.csv","label":"src_gen_one_row.csv","metadataUpdated":false,"relations":[],"children":[]},"filters":[],"sortFields":[]},"runtimeAttrs":{},"isRESTModernSource":true,"isFileList":false,"handleSpecialChars":false,"frsAsset":false,"dynamicFileName":false,"currentlyProcessedFileName":false,"fetchMode":"ORIGINAL","tgtObjectAttributes":{},"runtimeParameterData":{"@type":"mtTaskRuntimeParameterData","isConnectionRuntimeParameter":false,"isObjectRuntimeParameter":false,"connectionParameterName":"p_status_src","objectParameterName":"p_object_src"},"overriddenFields":[]},{"@type":"mtTaskParameter","id":5053157,"name":"$tgt$","type":"TARGET","label":"p_status_tgt (p_status_tgt)","description":"","uiProperties":{"cnxtype":"CSVFile","connectionParameterized":"true","logcnx":"p_status_tgt","default":"metering_check_load.csv","objlabel":"p_object_tgt","objectParameterized":"true","objDesc":"STATUS BEGIN: metering_check_load.csv\\nSTATUS STAGE: metering_task_status_stage.csv\\nSTATUS END: metering_task_status_stage.csv","defaultTargetUpdateColumns":"","fieldMappingParameterized":"true"},"targetConnectionId":"@9Z4AYXu0kybkhj0wLCjf6b","targetObject":"metering_task_status_stage.csv","targetObjectLabel":"metering_task_status_stage.csv","newFlatFile":false,"newObject":false,"showBusinessNames":true,"naturalOrder":true,"truncateTarget":false,"bulkApiDBTarget":false,"operationType":"Insert","customFuncCfg":{"@type":"customFuncConfig","id":-1,"connections":[],"inputMap":[],"outputFields":[]},"tgtFieldRefs":{},"targetUpdateColumns":[],"extendedObject":{"@type":"extendedObject","filters":[],"sortFields":[]},"runtimeAttrs":{},"isRESTModernSource":true,"isFileList":false,"handleSpecialChars":false,"frsAsset":false,"dynamicFileName":false,"currentlyProcessedFileName":false,"fetchMode":"ORIGINAL","tgtObjectAttributes":{},"runtimeParameterData":{"@type":"mtTaskRuntimeParameterData","isConnectionRuntimeParameter":false,"isObjectRuntimeParameter":false,"connectionParameterName":"p_status_tgt","objectParameterName":"p_object_tgt"},"overriddenFields":[]},{"@type":"mtTaskParameter","id":5053159,"name":"$p_field_map$","type":"STRING","text":"nstring (255, 0) task_status=dummy_status;","label":"p_field_map (p_field_map)","description":"","uiProperties":{"paramtype":"Fieldmap","supressFieldmappingSuffix":"true","lefttitle":"Incoming Fields","righttitle":"Target Fields"},"newFlatFile":false,"newObject":false,"showBusinessNames":true,"naturalOrder":true,"truncateTarget":false,"bulkApiDBTarget":false,"customFuncCfg":{"@type":"customFuncConfig","id":-1,"connections":[],"inputMap":[],"outputFields":[]},"tgtFieldRefs":{},"targetUpdateColumns":[],"runtimeAttrs":{},"isRESTModernSource":true,"isFileList":false,"handleSpecialChars":false,"frsAsset":false,"dynamicFileName":false,"currentlyProcessedFileName":false,"fetchMode":"ORIGINAL","tgtObjectAttributes":{},"runtimeParameterData":{"@type":"mtTaskRuntimeParameterData","isConnectionRuntimeParameter":false,"isObjectRuntimeParameter":false},"overriddenFields":[]},{"@type":"mtTaskParameter","id":5053161,"name":"$p_filter$","type":"STRING","text":"FALSE","label":"p_filter (p_filter)","description":"Set to FALSE for Stage Status mapping task only","uiProperties":{"default":"TRUE","paramtype":"Condition"},"newFlatFile":false,"newObject":false,"showBusinessNames":true,"naturalOrder":true,"truncateTarget":false,"bulkApiDBTarget":false,"customFuncCfg":{"@type":"customFuncConfig","id":-1,"connections":[],"inputMap":[],"outputFields":[]},"tgtFieldRefs":{},"targetUpdateColumns":[],"runtimeAttrs":{},"isRESTModernSource":true,"isFileList":false,"handleSpecialChars":false,"frsAsset":false,"dynamicFileName":false,"currentlyProcessedFileName":false,"fetchMode":"ORIGINAL","tgtObjectAttributes":{},"runtimeParameterData":{"@type":"mtTaskRuntimeParameterData","isConnectionRuntimeParameter":false,"isObjectRuntimeParameter":false},"overriddenFields":[]}],"sequences":[],"inOutParameters":[],"connRuntimeAttrs":[]}]