[{"@type":"mappingTemplate","id":"@1","name":"m__cai_metering_api_stage","description":"","bundleVersion":"0","templateId":"@3","deployTime":1623757674000,"hasParameters":true,"valid":true,"fixedConnection":true,"hasParametersDeployed":true,"fixedConnectionDeployed":true,"tasks":1,"mappingPreviewFileRecordId":"@2","documentType":"MAPPING","references":[{"@type":"reference","refObjectId":"@aa8iZAAvujGdl2LQy20MaM","refType":"businessService"},{"@type":"reference","refObjectId":"@aa8iZAAvujGdl2LQy20MaM@runQuery","refType":"businessOperation"},{"@type":"reference","refObjectId":"@9Z4AYXu0kybkhj0wLCjf6b","refType":"connection"}]}]