objectPath,objectName,objectType,id
/Explore/Metering CAI/Tasks,mt__cai_metering_status_stage_fail,MTT,3WLBlCJWMmRiJEbvDG4Per
/Explore/Metering CAI,Template,Folder,2xAkYi9VK95iYtgZRqZgWr
/Explore/Metering CAI/Tasks,mt__cai_metering_status_stage,MTT,6sHjb5w6wQOfO8wrMcXIcW
/Explore/Metering CAI/Mapping,m__cai_metering_api_stage,DTEMPLATE,0WRTnWKPv14i46w6e09dER
/Explore/Metering CAI/Mapping,InfluxMeterService,BSERVICE,3JC63CEZIqAbqdBPsIsOGG
/Explore/Metering CAI/Tasks,mt__cai_metering_status_begin,MTT,3lWK5YfCyCAh6knhgsvPMe
/Explore/Metering CAI/Template,taskflow__cai_metering_template,TASKFLOW,19T0bzUlsQccIQ4aQ26ZA4
/Explore/Metering CAI/Tasks,mt_cai_metering_api_stage,MTT,5Bk7B84Ez8Lc472HEONXiu
/Explore/Metering CAI/Mapping,m__metering_status_template,DTEMPLATE,akq1xWukICfbbxkNPDtBof
/Explore,Metering CAI,Project,5KJv4b2KPZwdtpABSwjAC6
/Explore/Metering CAI/Mapping,m__cai_metering_api_call,DTEMPLATE,kP5kBFdLKWdhe1eDneTzUD
/Explore/Metering CAI/Tasks,mt__cai_metering_status_end,MTT,6gtVLnvJ2AFkazy6KkHRUm
/Explore/Metering CAI/Tasks,mt_cai_metering_api_call,MTT,fbwY6sOvyOKh3UEYGOY601
/Explore/Metering CAI,Tasks,Folder,hXWDRk6LCqcjJ1dSnOKlQt
/Explore/Metering CAI,Mapping,Folder,i1Y4MqJNY0jdCwBPTYUC0D