{
  "name" : "Metering CAI-1623757012117",
  "sourceOrgId" : "aDdeKzHZEoQdwATn5hMqI8",
  "sourceOrgName" : "CAI Service Connectors",
  "exportedObjects" : [ {
    "objectGuid" : "3WLBlCJWMmRiJEbvDG4Per",
    "objectName" : "mt__cai_metering_status_stage_fail",
    "objectType" : "MTT",
    "path" : "/Explore/Metering CAI/Tasks",
    "metadata" : {
      "modelVersion" : {
        "major" : 0,
        "minor" : 0
      },
      "repoInfo" : {
        "repoHandle" : "0107AB0Z000000000018"
      },
      "objectRefs" : [ "02tiMVr1irIiatpeXlysis", "fuljSV0U9e9fezm5GfylOR", "akq1xWukICfbbxkNPDtBof" ],
      "contextAttributes" : [ {
        "name" : "id",
        "value" : "@1"
      } ],
      "additionalInfo" : {
        "description" : "SOURCE: src_gen_one_row.csv  \r\nTARGET: metering_task_status_stage.csv\r\nFILTER: FALSE",
        "contentType" : "JSON",
        "documentState" : "VALID"
      }
    }
  }, {
    "objectGuid" : "2xAkYi9VK95iYtgZRqZgWr",
    "objectName" : "Template",
    "objectType" : "Folder",
    "path" : "/Explore/Metering CAI",
    "metadata" : {
      "modelVersion" : {
        "major" : 0,
        "minor" : 0
      },
      "repoInfo" : null,
      "objectRefs" : [ ],
      "contextAttributes" : [ ],
      "additionalInfo" : {
        "description" : "",
        "contentType" : null,
        "documentState" : "COMPLETE"
      }
    }
  }, {
    "objectGuid" : "6sHjb5w6wQOfO8wrMcXIcW",
    "objectName" : "mt__cai_metering_status_stage",
    "objectType" : "MTT",
    "path" : "/Explore/Metering CAI/Tasks",
    "metadata" : {
      "modelVersion" : {
        "major" : 0,
        "minor" : 0
      },
      "repoInfo" : {
        "repoHandle" : "0107AB0Z00000000000V"
      },
      "objectRefs" : [ "02tiMVr1irIiatpeXlysis", "fuljSV0U9e9fezm5GfylOR", "akq1xWukICfbbxkNPDtBof" ],
      "contextAttributes" : [ {
        "name" : "id",
        "value" : "@1"
      } ],
      "additionalInfo" : {
        "description" : "SOURCE: src_gen_one_row.csv  \r\nTARGET: metering_task_status_stage.csv\r\nFILTER: FALSE",
        "contentType" : "JSON",
        "documentState" : "VALID"
      }
    }
  }, {
    "objectGuid" : "0WRTnWKPv14i46w6e09dER",
    "objectName" : "m__cai_metering_api_stage",
    "objectType" : "DTEMPLATE",
    "path" : "/Explore/Metering CAI/Mapping",
    "metadata" : {
      "modelVersion" : {
        "major" : 0,
        "minor" : 0
      },
      "repoInfo" : {
        "repoHandle" : "0107AB1700000000000Y"
      },
      "objectRefs" : [ "3JC63CEZIqAbqdBPsIsOGG", "fuljSV0U9e9fezm5GfylOR" ],
      "contextAttributes" : [ {
        "name" : "id",
        "value" : "@1"
      } ],
      "additionalInfo" : {
        "description" : "",
        "contentType" : "JSON",
        "documentState" : "VALID"
      }
    }
  }, {
    "objectGuid" : "3JC63CEZIqAbqdBPsIsOGG",
    "objectName" : "InfluxMeterService",
    "objectType" : "BSERVICE",
    "path" : "/Explore/Metering CAI/Mapping",
    "metadata" : {
      "modelVersion" : {
        "major" : 0,
        "minor" : 0
      },
      "repoInfo" : {
        "repoHandle" : "0107AB27000000000003"
      },
      "objectRefs" : [ "8bDPrR7FbzMdtnon4hxgO5" ],
      "contextAttributes" : [ {
        "name" : "id",
        "value" : "@1"
      }, {
        "name" : "0107AB28000000000003",
        "value" : "3JC63CEZIqAbqdBPsIsOGG@runQuery"
      } ],
      "additionalInfo" : {
        "description" : "",
        "contentType" : "JSON",
        "documentState" : "VALID"
      }
    }
  }, {
    "objectGuid" : "02tiMVr1irIiatpeXlysis",
    "objectName" : "cai.metering.us-west-2.compute.internal",
    "objectType" : "AgentGroup",
    "path" : "/SYS",
    "metadata" : {
      "modelVersion" : {
        "major" : 0,
        "minor" : 0
      },
      "repoInfo" : {
        "repoHandle" : "0107AB2500000000000A"
      },
      "objectRefs" : [ ],
      "contextAttributes" : null,
      "additionalInfo" : {
        "description" : null,
        "contentType" : "JSON",
        "documentState" : "VALID"
      }
    }
  }, {
    "objectGuid" : "1MCAnVkie0fbxJz7yspFCh",
    "objectName" : "CaiLicsMySQLRepo",
    "objectType" : "Connection",
    "path" : "/SYS",
    "metadata" : {
      "modelVersion" : {
        "major" : 0,
        "minor" : 0
      },
      "repoInfo" : {
        "repoHandle" : "0107AB0B00000000000J"
      },
      "objectRefs" : [ ],
      "contextAttributes" : null,
      "additionalInfo" : {
        "description" : null,
        "contentType" : "JSON",
        "documentState" : "COMPLETE"
      }
    }
  }, {
    "objectGuid" : "3lWK5YfCyCAh6knhgsvPMe",
    "objectName" : "mt__cai_metering_status_begin",
    "objectType" : "MTT",
    "path" : "/Explore/Metering CAI/Tasks",
    "metadata" : {
      "modelVersion" : {
        "major" : 0,
        "minor" : 0
      },
      "repoInfo" : {
        "repoHandle" : "0107AB0Z00000000000T"
      },
      "objectRefs" : [ "02tiMVr1irIiatpeXlysis", "fuljSV0U9e9fezm5GfylOR", "akq1xWukICfbbxkNPDtBof" ],
      "contextAttributes" : [ {
        "name" : "id",
        "value" : "@1"
      } ],
      "additionalInfo" : {
        "description" : "SOURCE: metering_task_status_stage.csv  \r\nTARGET: metering_check_load.csv\r\nFILTER: TRUE",
        "contentType" : "JSON",
        "documentState" : "VALID"
      }
    }
  }, {
    "objectGuid" : "8bDPrR7FbzMdtnon4hxgO5",
    "objectName" : "CaiMeterInfluxConn",
    "objectType" : "Connection",
    "path" : "/SYS",
    "metadata" : {
      "modelVersion" : {
        "major" : 0,
        "minor" : 0
      },
      "repoInfo" : {
        "repoHandle" : "0107AB0B00000000000I"
      },
      "objectRefs" : [ ],
      "contextAttributes" : null,
      "additionalInfo" : {
        "description" : null,
        "contentType" : "JSON",
        "documentState" : "COMPLETE"
      }
    }
  }, {
    "objectGuid" : "19T0bzUlsQccIQ4aQ26ZA4",
    "objectName" : "taskflow__cai_metering_template",
    "objectType" : "TASKFLOW",
    "path" : "/Explore/Metering CAI/Template",
    "metadata" : {
      "modelVersion" : {
        "major" : 1,
        "minor" : 0
      },
      "repoInfo" : {
        "repoHandle" : "eGMhINciZBpDUQb-gt-34355050-2021-05-20T10:57:51.072Z::tf.xml"
      },
      "objectRefs" : [ "3WLBlCJWMmRiJEbvDG4Per", "5Bk7B84Ez8Lc472HEONXiu", "3lWK5YfCyCAh6knhgsvPMe", "6sHjb5w6wQOfO8wrMcXIcW", "6gtVLnvJ2AFkazy6KkHRUm", "fbwY6sOvyOKh3UEYGOY601" ],
      "contextAttributes" : null,
      "additionalInfo" : {
        "description" : "",
        "contentType" : "application/json; charset=utf-8",
        "documentState" : "VALID"
      }
    }
  }, {
    "objectGuid" : "5Bk7B84Ez8Lc472HEONXiu",
    "objectName" : "mt_cai_metering_api_stage",
    "objectType" : "MTT",
    "path" : "/Explore/Metering CAI/Tasks",
    "metadata" : {
      "modelVersion" : {
        "major" : 0,
        "minor" : 0
      },
      "repoInfo" : {
        "repoHandle" : "0107AB0Z00000000000G"
      },
      "objectRefs" : [ "02tiMVr1irIiatpeXlysis", "3JC63CEZIqAbqdBPsIsOGG", "fuljSV0U9e9fezm5GfylOR", "1MCAnVkie0fbxJz7yspFCh", "0WRTnWKPv14i46w6e09dER" ],
      "contextAttributes" : [ {
        "name" : "id",
        "value" : "@1"
      } ],
      "additionalInfo" : {
        "description" : "",
        "contentType" : "JSON",
        "documentState" : "VALID"
      }
    }
  }, {
    "objectGuid" : "akq1xWukICfbbxkNPDtBof",
    "objectName" : "m__metering_status_template",
    "objectType" : "DTEMPLATE",
    "path" : "/Explore/Metering CAI/Mapping",
    "metadata" : {
      "modelVersion" : {
        "major" : 0,
        "minor" : 0
      },
      "repoInfo" : {
        "repoHandle" : "0107AB1700000000000U"
      },
      "objectRefs" : [ ],
      "contextAttributes" : [ {
        "name" : "id",
        "value" : "@1"
      } ],
      "additionalInfo" : {
        "description" : "Status begin -- \nSOURCE: metering_task_status_stage.csv  \nTARGET: metering_check_load.csv\nStatus stage -- \nSOURCE: src_gen_one_row.csv  \nTARGET: metering_task_status_stage.csv\nStaus end --\nSOURCE: src_gen_one_row.csv  \nTARGET:  metering_task_status_stage.csv",
        "contentType" : "JSON",
        "documentState" : "VALID"
      }
    }
  }, {
    "objectGuid" : "5KJv4b2KPZwdtpABSwjAC6",
    "objectName" : "Metering CAI",
    "objectType" : "Project",
    "path" : "/Explore",
    "metadata" : {
      "modelVersion" : {
        "major" : 0,
        "minor" : 0
      },
      "repoInfo" : null,
      "objectRefs" : [ ],
      "contextAttributes" : [ ],
      "additionalInfo" : {
        "description" : "",
        "contentType" : "Binary",
        "documentState" : "COMPLETE"
      }
    }
  }, {
    "objectGuid" : "kP5kBFdLKWdhe1eDneTzUD",
    "objectName" : "m__cai_metering_api_call",
    "objectType" : "DTEMPLATE",
    "path" : "/Explore/Metering CAI/Mapping",
    "metadata" : {
      "modelVersion" : {
        "major" : 0,
        "minor" : 0
      },
      "repoInfo" : {
        "repoHandle" : "0107AB1700000000000P"
      },
      "objectRefs" : [ ],
      "contextAttributes" : [ {
        "name" : "id",
        "value" : "@1"
      } ],
      "additionalInfo" : {
        "description" : "QA REL -- metersubmission/infa@1234  \n{\n  body : {\n    username : metersubmission,\n    password : infa@1234\n  }\n}",
        "contentType" : "JSON",
        "documentState" : "VALID"
      }
    }
  }, {
    "objectGuid" : "6gtVLnvJ2AFkazy6KkHRUm",
    "objectName" : "mt__cai_metering_status_end",
    "objectType" : "MTT",
    "path" : "/Explore/Metering CAI/Tasks",
    "metadata" : {
      "modelVersion" : {
        "major" : 0,
        "minor" : 0
      },
      "repoInfo" : {
        "repoHandle" : "0107AB0Z00000000000U"
      },
      "objectRefs" : [ "02tiMVr1irIiatpeXlysis", "fuljSV0U9e9fezm5GfylOR", "akq1xWukICfbbxkNPDtBof" ],
      "contextAttributes" : [ {
        "name" : "id",
        "value" : "@1"
      } ],
      "additionalInfo" : {
        "description" : "SOURCE: src_gen_one_row.csv  \r\nTARGET:  metering_task_status_stage.csv\r\nFILTER: TRUE",
        "contentType" : "JSON",
        "documentState" : "VALID"
      }
    }
  }, {
    "objectGuid" : "fbwY6sOvyOKh3UEYGOY601",
    "objectName" : "mt_cai_metering_api_call",
    "objectType" : "MTT",
    "path" : "/Explore/Metering CAI/Tasks",
    "metadata" : {
      "modelVersion" : {
        "major" : 0,
        "minor" : 0
      },
      "repoInfo" : {
        "repoHandle" : "0107AB0Z00000000000H"
      },
      "objectRefs" : [ "02tiMVr1irIiatpeXlysis", "fuljSV0U9e9fezm5GfylOR", "8BxI7DbugeLgOROwmAu0ao", "f2dNv6LbaGVhOsTrfIq9W2", "kP5kBFdLKWdhe1eDneTzUD" ],
      "contextAttributes" : [ {
        "name" : "id",
        "value" : "@1"
      } ],
      "additionalInfo" : {
        "description" : "",
        "contentType" : "JSON",
        "documentState" : "VALID"
      }
    }
  }, {
    "objectGuid" : "hXWDRk6LCqcjJ1dSnOKlQt",
    "objectName" : "Tasks",
    "objectType" : "Folder",
    "path" : "/Explore/Metering CAI",
    "metadata" : {
      "modelVersion" : {
        "major" : 0,
        "minor" : 0
      },
      "repoInfo" : null,
      "objectRefs" : [ ],
      "contextAttributes" : [ ],
      "additionalInfo" : {
        "description" : "",
        "contentType" : "Binary",
        "documentState" : "COMPLETE"
      }
    }
  }, {
    "objectGuid" : "fuljSV0U9e9fezm5GfylOR",
    "objectName" : "CaiMeterFileConn",
    "objectType" : "Connection",
    "path" : "/SYS",
    "metadata" : {
      "modelVersion" : {
        "major" : 0,
        "minor" : 0
      },
      "repoInfo" : {
        "repoHandle" : "0107AB0B00000000000M"
      },
      "objectRefs" : [ ],
      "contextAttributes" : null,
      "additionalInfo" : {
        "description" : null,
        "contentType" : "JSON",
        "documentState" : "COMPLETE"
      }
    }
  }, {
    "objectGuid" : "8BxI7DbugeLgOROwmAu0ao",
    "objectName" : "CaiMeterRestAPI",
    "objectType" : "Connection",
    "path" : "/SYS",
    "metadata" : {
      "modelVersion" : {
        "major" : 0,
        "minor" : 0
      },
      "repoInfo" : {
        "repoHandle" : "0107AB0B00000000000L"
      },
      "objectRefs" : [ ],
      "contextAttributes" : null,
      "additionalInfo" : {
        "description" : null,
        "contentType" : "JSON",
        "documentState" : "COMPLETE"
      }
    }
  }, {
    "objectGuid" : "i1Y4MqJNY0jdCwBPTYUC0D",
    "objectName" : "Mapping",
    "objectType" : "Folder",
    "path" : "/Explore/Metering CAI",
    "metadata" : {
      "modelVersion" : {
        "major" : 0,
        "minor" : 0
      },
      "repoInfo" : null,
      "objectRefs" : [ ],
      "contextAttributes" : [ ],
      "additionalInfo" : {
        "description" : "",
        "contentType" : null,
        "documentState" : "COMPLETE"
      }
    }
  }, {
    "objectGuid" : "f2dNv6LbaGVhOsTrfIq9W2",
    "objectName" : "CaiMeterRestLogin",
    "objectType" : "Connection",
    "path" : "/SYS",
    "metadata" : {
      "modelVersion" : {
        "major" : 0,
        "minor" : 0
      },
      "repoInfo" : {
        "repoHandle" : "0107AB0B00000000000K"
      },
      "objectRefs" : [ ],
      "contextAttributes" : null,
      "additionalInfo" : {
        "description" : null,
        "contentType" : "JSON",
        "documentState" : "COMPLETE"
      }
    }
  } ]
}