[{"@type":"mtTask","id":"@1","name":"mt_cai_metering_api_call","description":"","errorTaskEmail":{"@type":"taskEmail","id":751025,"emails":"vig@informatica.com","emailType":"ERROR"},"warningTaskEmail":{"@type":"taskEmail","id":751027,"emails":"vig@informatica.com","emailType":"WARNING"},"runtimeEnvironmentId":"@aeWpJZilpsHdw82AUHn4qX","maxLogs":10,"verbose":false,"lastRunTime":1623759873000,"mappingId":"@4BdFSLPa7U2fhBUhx5zqCM","shortDescription":"","sessionPropertiesList":[],"enableCrossSchemaPushdown":true,"enableParallelRun":false,"autoTunedApplied":false,"autoTunedAppliedType":"NONE","paramFileType":"PARAM_FILE_LOCAL","schemaMode":"async","parameterFileEncoding":"UTF-8","serverlessProperties":{},"taskProperties":[{"@type":"taskProperty","name":"parameterFileDir","currentValue":"","type":"STRING","label":"label.parameterFileDir","required":false},{"@type":"taskProperty","name":"parameterFileName","currentValue":"","type":"STRING","label":"label.parameterFileName","required":false}],"parameters":[{"@type":"mtTaskParameter","id":5053169,"name":"$src_REST_login$","type":"H_SOURCE","label":"p_rest_login (p_rest_login)","description":"","uiProperties":{"cnxtype":"REST V2","connectionParameterized":"true","logcnx":"p_rest_login","isMsrcFilterParameterized":"false","objectParameterized":"false","visible":"false"},"sourceConnectionId":"@ez45Bsw9HkJdhcRpp1lrMP","sourceObject":"IICSLoginAPISwagger","newFlatFile":false,"newObject":false,"showBusinessNames":true,"naturalOrder":true,"truncateTarget":false,"bulkApiDBTarget":false,"customFuncCfg":{"@type":"customFuncConfig","id":-1,"connections":[],"inputMap":[],"outputFields":[]},"tgtFieldRefs":{},"targetUpdateColumns":[],"runtimeAttrs":{},"isRESTModernSource":true,"requestXml":"{\n  \"body\" : {\n    \"username\" : \"metersubmission\",\n    \"password\" : \"infa@1234\"\n  }\n}","isFileList":false,"handleSpecialChars":false,"frsAsset":false,"dynamicFileName":false,"currentlyProcessedFileName":false,"fetchMode":"ORIGINAL","tgtObjectAttributes":{},"runtimeParameterData":{"@type":"mtTaskRuntimeParameterData","isConnectionRuntimeParameter":false,"isObjectRuntimeParameter":false,"connectionParameterName":"p_rest_login"},"overriddenFields":[]},{"@type":"mtTaskParameter","id":5053171,"name":"$src_file$","type":"EXTENDED_SOURCE","label":"p_stage_file (p_stage_file)","description":"","uiProperties":{"cnxtype":"CSVFile","connectionParameterized":"true","logcnx":"p_stage_file","isMsrcFilterParameterized":"false","isMsrcSortParameterized":"false","objectParameterized":"false","visible":"false"},"sourceConnectionId":"@9Z4AYXu0kybkhj0wLCjf6b","newFlatFile":false,"newObject":false,"showBusinessNames":true,"naturalOrder":true,"truncateTarget":false,"bulkApiDBTarget":false,"srcFFAttrs":{"@type":"flatFileAttrs","id":2045429,"delimiter":",","textQualifier":"\"","escapeChar":"","headerLineNo":1,"firstDataRow":2},"customFuncCfg":{"@type":"customFuncConfig","id":-1,"connections":[],"inputMap":[],"outputFields":[]},"tgtFieldRefs":{},"targetUpdateColumns":[],"extendedObject":{"@type":"extendedObject","object":{"@type":"mObject","name":"metering_api_cai_stage.csv","label":"metering_api_cai_stage.csv","metadataUpdated":false,"relations":[],"children":[]},"filters":[],"sortFields":[]},"runtimeAttrs":{},"isRESTModernSource":true,"isFileList":false,"handleSpecialChars":false,"frsAsset":false,"dynamicFileName":false,"currentlyProcessedFileName":false,"fetchMode":"ORIGINAL","tgtObjectAttributes":{},"runtimeParameterData":{"@type":"mtTaskRuntimeParameterData","isConnectionRuntimeParameter":false,"isObjectRuntimeParameter":false,"connectionParameterName":"p_stage_file"},"overriddenFields":[]},{"@type":"mtTaskParameter","id":5053173,"name":"$tgt_REST_api$","type":"H_TARGET","label":"p_rest_metering (p_rest_metering)","description":"","uiProperties":{"connectionParameterized":"true","logcnx":"p_rest_metering","objectParameterized":"false","visible":"false","defaultTargetUpdateColumns":""},"targetConnectionId":"@bPogw5OwZyQjsXe5Bwe2CR","targetObject":"MeeteringSwagger","newFlatFile":false,"newObject":false,"showBusinessNames":true,"naturalOrder":true,"truncateTarget":false,"bulkApiDBTarget":false,"customFuncCfg":{"@type":"customFuncConfig","id":-1,"connections":[],"inputMap":[],"outputFields":[]},"tgtFieldRefs":{},"targetUpdateColumns":[],"extendedObject":{"@type":"extendedObject","filters":[],"sortFields":[]},"runtimeAttrs":{},"isRESTModernSource":true,"isFileList":false,"handleSpecialChars":false,"frsAsset":false,"dynamicFileName":false,"currentlyProcessedFileName":false,"fetchMode":"ORIGINAL","tgtObjectAttributes":{},"runtimeParameterData":{"@type":"mtTaskRuntimeParameterData","isConnectionRuntimeParameter":false,"isObjectRuntimeParameter":false,"connectionParameterName":"p_rest_metering"},"overriddenFields":[]}],"sequences":[],"inOutParameters":[],"connRuntimeAttrs":[]}]